<?xml version="1.0" encoding="UTF-8"?>
<config xmlns="http://www.knime.org/2008/09/XMLConfig" xmlns:xsi="http://www.w3.org/2001/XMLSchema-instance" xsi:schemaLocation="http://www.knime.org/2008/09/XMLConfig http://www.knime.org/XMLConfig_2008_09.xsd" key="content">
<entry key="version" type="xint" value="1"/>
<entry key="port_spec_class" type="xstring" value="org.knime.base.node.mine.treeensemble2.model.TreeEnsembleModelPortObjectSpec"/>
<entry key="port_object_class" type="xstring" value="org.knime.base.node.mine.treeensemble2.model.TreeEnsembleModelPortObject"/>
<config key="filestores">
<entry key="handlerUUID" type="xstring" value="77ac3ef9-d93b-404f-aa59-28cfd664cd66"/>
<config key="port_file_store_keys">
<config key="filestore_key_0">
<entry key="storeUUID" type="xstring" value="77ac3ef9-d93b-404f-aa59-28cfd664cd66"/>
<entry key="index" type="xint" value="0"/>
<entry key="name" type="xstring" value="0_5cd4e3e0-19f0-4d5b-aa95-e549b8dd2231"/>
<entry key="iterationIndex" type="xint" value="-1"/>
</config>
</config>
</config>
</config>
